Empire Strikes Back, The 
Monty Python and the Holy Grail 
Jean de Florette 
Reservoir Dogs 
Dead Poets Society 
Manon of the Spring (Manon des sources) 
Godfather: Part II, The 
Postino, Il 
Godfather, The 
Fifth Element, The 
Return of the Jedi 
Rock, The 
Mystery Science Theater 3000: The Movie 
Toy Story 
Chasing Amy 
Men in Black 
Grosse Pointe Blank 
Star Wars 
Austin Powers: International Man of Mystery 
Pillow Book, The 
In the Company of Men 
Welcome to the Dollhouse 
Lone Star 
Ridicule 
Antonia's Line 
Big Night 
Frighteners, The 
Twelve Monkeys 
Unhook the Stars 
Mars Attacks! 
Mr. Holland's Opus 
Mimic 
Devil's Own, The 
Spitfire Grill, The 
Rumble in the Bronx 
Event Horizon 
Jerry Maguire 
Birdcage, The 
Mighty Aphrodite 
Independence Day (ID4) 
Shall We Dance? 
Beavis and Butt-head Do America 
Citizen Ruth 
Twister 
Kansas City 
What's Eating Gilbert Grape 
Ed Wood 
Henry V 
Crimson Tide 
Strange Days 
Apollo 13 
Wallace & Gromit: The Best of Aardman Animation 
Madness of King George, The 
Raising Arizona 
Forrest Gump 
Seven (Se7en) 
Alien 
Bridge on the River Kwai, The 
Aladdin 
Top Gun 
Three Colors: Blue 
Clockwork Orange, A 
Much Ado About Nothing 
Silence of the Lambs, The 
2001: A Space Odyssey 
Shawshank Redemption, The 
Braveheart 
Brothers McMullen, The 
Groundhog Day 
Return of the Pink Panther, The 
Blade Runner 
Babe 
Hoop Dreams 
Pink Floyd - The Wall 
GoodFellas 
Glengarry Glen Ross 
Brazil 
Snow White and the Seven Dwarfs 
Raging Bull 
Supercop 
Apocalypse Now 
Sound of Music, The 
Psycho 
Crow, The 
Back to the Future 
Professional, The 
Terminator 2: Judgment Day 
Pulp Fiction 
Willy Wonka and the Chocolate Factory 
Fugitive, The 
Hudsucker Proxy, The 
Taxi Driver 
Unbearable Lightness of Being, The 
Four Weddings and a Funeral 
Robert A. Heinlein's The Puppet Masters 
Amadeus 
Graduate, The 
Home Alone 
Army of Darkness 
Lawnmower Man, The 
Citizen Kane 
Cyrano de Bergerac 
Blues Brothers, The 
Full Metal Jacket 
Dances with Wolves 
Die Hard 
Ref, The 
Mad Love 
Basic Instinct 
Raiders of the Lost Ark 
From Dusk Till Dawn 
Lost World: Jurassic Park, The 
Sgt. Bilko 
Ghost and the Darkness, The 
Kids in the Hall: Brain Candy 
Long Kiss Goodnight, The 
Mirror Has Two Faces, The 
Diabolique 
Jungle2Jungle 
Cable Guy, The 
Moll Flanders 
Theodore Rex 
Turbo: A Power Rangers Movie 
Striptease 
Eat Drink Man Woman 
u
George of the Jungle 
Air Bud 
Steel 
Richard III 
Swingers 
Jaws 
Lion King, The 
True Romance 
Clerks 
Aliens 
Nightmare Before Christmas, The 
Right Stuff, The 
Bram Stoker's Dracula 
Good, The Bad and The Ugly, The 
When Harry Met Sally... 
Sting, The 
Maverick 
Three Colors: Red 
Gone with the Wind 
Billy Madison 
Terminator, The 
Cape Fear 
Cinema Paradiso 
Room with a View, A 
Sling Blade 
Platoon 
Star Trek VI: The Undiscovered Country 
Bad Boys 
Hot Shots! Part Deux 
Batman Returns 
Ace Ventura: Pet Detective 
Shining, The 
Maya Lin: A Strong Clear Vision 
Get Shorty 
Field of Dreams 
GoldenEye 
Abyss, The 
Firm, The 
Akira 
Natural Born Killers 
Mr. Smith Goes to Washington 
To Wong Foo, Thanks for Everything! Julie Newmar 
Fish Called Wanda, A 
Exotica 
Full Monty, The 
Batman & Robin 
Haunted World of Edward D. Wood Jr., The 
Princess Bride, The 
M*A*S*H 
Star Trek III: The Search for Spock 
Dirty Dancing 
Unforgiven 
Stargate 
So I Married an Axe Murderer 
Nightmare on Elm Street, A 
Private Benjamin 
Three Colors: White 
Star Trek IV: The Voyage Home 
On Golden Pond 
Free Willy 2: The Adventure Home 
Hunt for Red October, The 
Flipper 
Priest 
I.Q. 
Belle de jour 
Under Siege 
Breakfast at Tiffany's 
Jurassic Park 
Sleeper 
20,000 Leagues Under the Sea 
Mask, The 
Desperado 
Weekend at Bernie's 
Nikita (La Femme Nikita) 
101 Dalmatians 
Horseman on the Roof, The (Hussard sur le toit, Le) 
Muppet Treasure Island 
Sleepless in Seattle 
Jude 
Operation Dumbo Drop 
Sneakers 
All Dogs Go to Heaven 2 
Heavy Metal 
Batman Forever 
Disclosure 
Doom Generation, The 
Wizard of Oz, The 
Indiana Jones and the Last Crusade 
Patton 
Evil Dead II 
Young Frankenstein 
Four Rooms 
Usual Suspects, The 
Quiz Show 
Phenomenon 
Cold Comfort Farm 
D3: The Mighty Ducks 
While You Were Sleeping 
Nadja 
Net, The 
Last of the Mohicans, The 
Homeward Bound: The Incredible Journey 
Free Willy 
Die Hard 2 
Carlito's Way 
Young Guns 
Santa Clause, The 
Love Bug, The 
Bedknobs and Broomsticks 
Brother Minister: The Assassination of Malcolm X 
Legends of the Fall 
Outbreak 
Remains of the Day, The 
French Twist (Gazon maudit) 
Fargo 
Monty Python's Life of Brian 
Star Trek: The Wrath of Khan 
12 Angry Men 
Wrong Trousers, The 
Dolores Claiborne 
Dead Man Walking 
Searching for Bobby Fischer 
Star Trek: First Contact 
Contact 
Kull the Conqueror 
My Best Friend's Wedding 
Good Will Hunting 
Starship Troopers 
Angels and Insects 
Bound 
Breaking the Waves 
Smilla's Sense of Snow 
Shanghai Triad (Yao a yao yao dao waipo qiao) 
White Balloon, The 
Gattaca 
This Is Spinal Tap 
Crumb 
Grand Day Out, A 
Kolya 
Truth About Cats & Dogs, The 
Delicatessen 
Copycat 
When the Cats Away (Chacun cherche son chat) 
Aristocats, The 
Faster Pussycat! Kill! Kill! 
English Patient, The 
Ice Storm, The 
Devil's Advocate, The 
Scream 
In & Out 
Midnight in the Garden of Good and Evil 
Ulee's Gold 
Apt Pupil 
Mrs. Brown (Her Majesty, Mrs. Brown) 
Rosewood 
Hoodlum 
Promesse, La 
Sense and Sensibility 
Donnie Brasco 
Breakdown 
Restoration 
Marvin's Room 
Face/Off 
Up Close and Personal 
Fierce Creatures 
Sabrina 
Leaving Las Vegas 
Heat 
Absolute Power 
Bed of Roses 
Liar Liar 
Once Upon a Time... When We Were Colored 
Time to Kill, A 
Tin Cup 
L.A. Confidential 
Secrets & Lies 
Emma 
Titanic 
Wings of the Dove, The 
Rainmaker, The 
Fly Away Home 
Air Force One 
Evita 
As Good As It Gets 
FairyTale: A True Story 
Deceiver 
3 Ninjas: High Noon At Mega Mountain 
River Wild, The 
Apostle, The 
Game, The 
House of Yes, The 
Wedding Singer, The 
Deconstructing Harry 
Everyone Says I Love You 
Critical Care 
Spice World 
Fallen 
U Turn 
Alien: Resurrection 
Deep Rising 
Mad City 
Man Who Knew Too Little, The 
Playing God 
Kiss the Girls 
G.I. Jane 
Lost Highway 
Sphere 
Murder at 1600 
Dante's Peak 
How to Be a Player 
Hard Rain 
Bean 
Crash 
187 
Prophecy II, The 
Jackie Brown 
Cop Land 
Conspiracy Theory 
Wag the Dog 
Mother 
Edge, The 
Boogie Nights 
Desperate Measures 
In the Name of the Father 
Schindler's List 
Paradise Lost: The Child Murders at Robin Hood Hills 
Wonderland 
Assignment, The 
Blues Brothers 2000 
Incognito 
Client, The 
One Flew Over the Cuckoo's Nest 
Spawn 
Jackie Chan's First Strike 
Mission: Impossible 
Sudden Death 
Black Sheep 
Very Brady Sequel, A 
Spy Hard 
Nutty Professor, The 
Bio-Dome 
Thinner 
Children of the Corn: The Gathering 
Tales from the Crypt Presents: Bordello of Blood 
Striking Distance 
Judge Dredd 
Three Musketeers, The 
Star Trek V: The Final Frontier 
Butch Cassidy and the Sundance Kid 
Highlander 
Star Trek: The Motion Picture 
Batman 
Last Action Hero 
Super Mario Bros. 
True Lies 
Addams Family Values 
Jeffrey 
Mrs. Doubtfire 
Serial Mom 
Clueless 
Brady Bunch Movie, The 
Fear of a Black Hat 
Beverly Hills Ninja 
Naked Gun 33 1/3: The Final Insult 
Muriel's Wedding 
Grease 
Ace Ventura: When Nature Calls 
Adventures of Priscilla, Queen of the Desert, The 
Harold and Maude 
Flintstones, The 
Duck Soup 
Heathers 
My Favorite Year 
Aladdin and the King of Thieves 
Fantasia 
E.T. the Extra-Terrestrial 
Mary Poppins 
Parent Trap, The 
Apple Dumpling Gang, The 
Mighty Morphin Power Rangers: The Movie 
Forbidden Planet 
Powder 
Dangerous Minds 
Star Trek: Generations 
Man Without a Face, The 
Age of Innocence, The 
Day the Earth Stood Still, The 
Bob Roberts 
Showgirls 
Omen, The 
American Werewolf in London, An 
Birds, The 
Carrie 
Body Snatcher, The 
Blob, The 
Tales From the Crypt Presents: Demon Knight 
Mary Reilly 
Amityville Horror, The 
Burnt Offerings 
Ghost 
Bridges of Madison County, The 
William Shakespeare's Romeo and Juliet 
To Kill a Mockingbird 
Miracle on 34th Street 
Alice in Wonderland 
Old Yeller 
Pinocchio 
Cinderella 
Black Beauty 
Bastard Out of Carolina 
Jaws 2 
Amityville: A New Generation 
Amityville II: The Possession 
Amityville 1992: It's About Time 
Amityville 3-D 
Close Shave, A 
Transformers: The Movie, The 
Heavyweights 
Little Rascals, The 
Jack 
Radioland Murders 
Houseguest 
Kingpin 
Free Willy 3: The Rescue 
Robin Hood: Men in Tights 
Jaws 3-D 
Beverly Hills Cop III 
Amityville Curse, The 
Anastasia 
Cry, the Beloved Country 
Boot, Das 
Traveller 
Ponette 
Trainspotting 
Matilda 
People vs. Larry Flynt, The 
Courage Under Fire 
Daytrippers, The 
Nixon 
Dragonheart 
Crossing Guard, The 
Addicted to Love 
Kama Sutra: A Tale of Love 
James and the Giant Peach 
First Wives Club, The 
Great Dictator, The 
Annie Hall 
Shine 
Roman Holiday 
Magnificent Seven, The 
Gandhi 
Third Man, The 
Like Water For Chocolate (Como agua para chocolate) 
Apartment, The 
Great Escape, The 
Maltese Falcon, The 
Notorious 
African Queen, The 
Vertigo 
Bringing Up Baby 
North by Northwest 
East of Eden 
Wings of Desire 
It's a Wonderful Life 
Bonnie and Clyde 
Short Cuts 
Some Like It Hot 
Big Sleep, The 
Man Who Would Be King, The 
Dr. Strangelove or: How I Learned to Stop Worrying and Love the Bomb 
Deer Hunter, The 
My Own Private Idaho 
Streetcar Named Desire, A 
Vanya on 42nd Street 
To Catch a Thief 
Treasure of the Sierra Madre, The 
Around the World in 80 Days 
Smoke 
Lawrence of Arabia 
Sunset Blvd. 
My Life as a Dog (Mitt liv som hund) 
Casablanca 
Down by Law 
Cool Hand Luke 
Secret of Roan Inish, The 
Thin Man, The 
His Girl Friday 
Candidate, The 
Rudy 
Rebel Without a Cause 
Adventures of Robin Hood, The 
Killing Fields, The 
Manhattan 
Cat on a Hot Tin Roof 
Bronx Tale, A 
Red Rock West 
Dial M for Murder 
Ben-Hur 
My Fair Lady 
My Left Foot 
Local Hero 
Bananas 
Tombstone 
Dumbo 
Philadelphia Story, The 
Miller's Crossing 
Mouse Hunt 
Jungle Book, The 
Volcano 
I Know What You Did Last Summer 
Wishmaster 
Rocket Man 
Rear Window 
Picnic 
Glory 
The Innocent 
Seventh Seal, The (Sjunde inseglet, Det) 
Night of the Living Dead 
Lost Horizon 
Laura 
Arsenic and Old Lace 
Touch of Evil 
Manchurian Candidate, The 
Microcosmos: Le peuple de l'herbe 
Once Upon a Time in the West 
Stand by Me 
Escape from New York 
Christmas Carol, A 
M 
It Happened One Night 
39 Steps, The 
High Noon 
Quiet Man, The 
Spellbound 
Thin Blue Line, The 
Hunchback of Notre Dame, The 
Bride of Frankenstein 
Misérables, Les 
Stalingrad 
My Man Godfrey 
Secret Garden, The 
Primal Fear 
Being There 
Speed 
Beauty and the Beast 
Sophie's Choice 
Great Race, The 
Pump Up the Volume 
Wild Bunch, The 
Die Hard: With a Vengeance 
Ran 
Giant 
Victor/Victoria 
American in Paris, An 
Robin Hood: Prince of Thieves 
Cat People 
Wild Bill 
Rosencrantz and Guildenstern Are Dead 
NeverEnding Story III, The 
Father of the Bride 
Blood Beach 
Extreme Measures 
Sleepers 
Rebecca 
Fog, The 
All About Eve 
Nosferatu (Nosferatu, eine Symphonie des Grauens) 
Crying Game, The 
Swiss Family Robinson 
Fried Green Tomatoes 
Gigi 
Rob Roy 
Conan the Barbarian 
Once Upon a Time in America 
Body Snatchers 
Things to Do in Denver when You're Dead 
Meet Me in St. Louis 
Clear and Present Danger 
Broken Arrow 
Kalifornia 
Howling, The 
Cook the Thief His Wife & Her Lover, The 
Paris Is Burning 
True Crime 
Tin Drum, The (Blechtrommel, Die) 
Young Poisoner's Handbook, The 
Eraser 
For Whom the Bell Tolls 
Fan, The 
Big Squeeze, The 
Police Story 4: Project S (Chao ji ji hua) 
Chamber, The 
Three Caballeros, The 
Hour of the Pig, The 
Another Stakeout 
Paris, Texas 
Quick and the Dead, The 
Demolition Man 
Daniel Defoe's Robinson Crusoe 
Heavy 
Angels in the Outfield 
Blown Away 
Tales from the Hood 
Alien 3 
Crucible, The 
Fire on the Mountain 
Species 
Blue Angel, The (Blaue Engel, Der) 
Mary Shelley's Frankenstein 
Waterworld 
Terminal Velocity 
Wyatt Earp 
Mortal Kombat 
Hellraiser: Bloodline 
Interview with the Vampire 
Vampire in Brooklyn 
Sword in the Stone, The 
Pocahontas 
Heavenly Creatures 
Candyman 
Wolf 
Stephen King's The Langoliers 
Lord of Illusions 
Wes Craven's New Nightmare 
Village of the Damned 
Body Parts 
Return of Martin Guerre, The (Retour de Martin Guerre, Le) 
Farinelli: il castrato 
Englishman Who Went Up a Hill, But Came Down a Mountain, The 
Blood For Dracula (Andy Warhol's Dracula) 
Grifters, The 
Romeo Is Bleeding 
Boxing Helena 
So Dear to My Heart 
Davy Crockett, King of the Wild Frontier 
Kid in King Arthur's Court, A 
Cliffhanger 
Money Train 
Son in Law 
City Slickers II: The Legend of Curly's Gold 
Coneheads 
Fatal Instinct 
Somewhere in Time 
Walk in the Clouds, A 
White Man's Burden 
Paths of Glory 
Chinatown 
Piano, The 
Audrey Rose 
Leave It to Beaver 
McHale's Navy 
Jackal, The 
Perfect World, A 
In the Line of Fire 
Executive Decision 
Seven Years in Tibet 
Dark City 
Barcelona 
Enchanted April 
Casino 
Strictly Ballroom 
Basketball Diaries, The 
Bad Moon 
Substance of Fire, The 
Wonderful, Horrible Life of Leni Riefenstahl, The 
Browning Version, The 
American President, The 
Kicking and Screaming 
Singin' in the Rain 
House of the Spirits, The 
Widows' Peak 
Better Off Dead... 
City Hall 
Miami Rhapsody 
Persuasion 
Tin Men 
Sex, Lies, and Videotape 
Little Women 
Amistad 
MatchMaker, The 
Tomorrow Never Dies 
Replacement Killers, The 
Saint, The 
Last Supper, The 
Ransom 
Juror, The 
Michael Collins 
Othello 
Jane Eyre 
In the Bleak Midwinter 
Crow: City of Angels, The 
Carrington 
Philadelphia 
Immortal Beloved 
Queen Margot (Reine Margot, La) 
Go Fish 
Circle of Friends 
Dave 
Nell 
Boys on the Side 
First Knight 
To Die For 
Corrina, Corrina 
Sirens 
Real Genius 
Home for the Holidays 
Canadian Bacon 
Mallrats 
Threesome 
Ruling Class, The 
Nine Months 
Made in America 
Junior 
Fluke 
Exit to Eden 
Pretty Woman 
Shadowlands 
Benny & Joon 
Red Corner 
Burnt By the Sun 
Career Girls 
Money Talks 
Paris Was a Woman 
Picture Perfect 
She's So Lovely 
Life Less Ordinary, A 
Peacemaker, The 
Love Jones 
Bullets Over Broadway 
Man of the Year 
Meet John Doe 
Ninotchka 
Nosferatu a Venezia 
Thirty-Two Short Films About Glenn Gould 
Celluloid Closet, The 
Gay Divorcee, The 
Hearts and Minds 
Looking for Richard 
Boys Life 
Two or Three Things I Know About Her 
Murder, My Sweet 
Kids 
Diva 
Perfect Candidate, A 
Swimming with Sharks 
Menace II Society 
Garden of Finzi-Contini, The (Giardino dei Finzi-Contini, Il) 
Excess Baggage 
Year of the Horse 
Telling Lies in America 
Eve's Bayou 
Soul Food 
Beautiful Girls 
Mrs. Winterbourne 
Happy Gilmore 
Manhattan Murder Mystery 
That Thing You Do! 
Roommates 
Baby-Sitters Club, The 
Fools Rush In 
Michael 
Girl 6 
Tommy Boy 
Crooklyn 
Only You 
My Fellow Americans 
Eddie 
Vegas Vacation 
If Lucy Fell 
To Gillian on Her 37th Birthday 
Jimmy Hollywood 
Dumb & Dumber 
Mute Witness 
Bloody Child, The 
Prophecy, The 
Screamers 
Relative Fear 
Bad Taste 
Frisk 
Candyman: Farewell to the Flesh 
Believers, The 
Loch Ness 
Braindead 
Freeway 
Addiction, The 
Congo 
April Fool's Day 
In the Mouth of Madness 
Amityville: Dollhouse 
Halloween: The Curse of Michael Myers 
Lawnmower Man 2: Beyond Cyberspace 
Castle Freak 
Beyond Bedlam 
Touch 
Devil in a Blue Dress 
Power 98 
Rising Sun 
Arrival, The 
In the Line of Duty 2 
Mulholland Falls 
Days of Thunder 
Program, The 
Bulletproof 
Bad Company 
Nick of Time 
Shadow, The 
Glimmer Man, The 
Hard Target 
Drop Zone 
Heaven & Earth 
Timecop 
Daylight 
Fled 
Escape from L.A. 
Phantom, The 
Johnny Mnemonic 
Fair Game 
Casper 
Space Jam 
Andre 
Three Wishes 
Across the Sea of Time 
Jumanji 
Jingle All the Way 
Bogus 
Pollyanna 
Shaggy Dog, The 
Alaska 
Richie Rich 
French Kiss 
It Could Happen to You 
Whole Wide World, The 
For Richer or Poorer 
Flubber 
Scream 2 
Mr. Magoo 
Mortal Kombat: Annihilation 
Home Alone 3 
That Darn Cat! 
Postman, The 
Vermin 
Faces 
Little Odessa 
Last Man Standing 
One Night Stand 
Great White Hype, The 
Great Expectations 
Great Day in Harlem, A 
Phantoms 
Half Baked 
Don Juan DeMarco 
Father of the Bride Part II 
Perez Family, The 
Night on Earth 
Air Up There, The 
One Fine Day 
Boomerang 
Speechless 
Something to Talk About 
Milk Money 
Poetic Justice 
Time Tracers 
Washington Square 
Kundun 
Nil By Mouth 
Dangerous Beauty 
Afterglow 
Sweet Hereafter, The 
Oscar & Lucinda 
Big Lebowski, The 
U.S. Marshalls 
Love and Death on Long Island 
Primary Colors 
Mercury Rising 
Twilight 
Ma vie en rose (My Life in Pink) 
Tango Lesson, The 
Bent 
Winter Guest, The 
City of Angels 
Lost in Space 
Wild Things 
City of Lost Children, The 
Dead Man 
Two Bits 
Raise the Red Lantern 
Farewell My Concubine 
Thousand Acres, A 
Smile Like Yours, A 
Paradise Road 
Unforgettable 
Brassed Off 
Harriet the Spy 
White Squall 
Chain Reaction 
Flower of My Secret, The (Flor de mi secreto, La) 
Craft, The 
Down Periscope 
Funeral, The 
First Kid 
Island of Dr. Moreau, The 
Preacher's Wife, The 
Booty Call 
Murder in the First 
Charade 
Killing Zoe 
Big Blue, The (Grand bleu, Le) 
What's Love Got to Do with It 
With Honors 
Airheads 
Fox and the Hound, The 
Renaissance Man 
Indian in the Cupboard, The 
Grateful Dead 
To Live (Huozhe) 
Inspector General, The 
Passion Fish 
Blue in the Face 
Unzipped 
Before Sunrise 
Georgia 
Naked 
Winnie the Pooh and the Blustery Day 
Dazed and Confused 
Nobody's Fool 
How to Make an American Quilt 
Hear My Song 
Ruby in Paradise 
Orlando 
Mediterraneo 
Unstrung Heroes 
Little Lord Fauntleroy 
Funny Face 
Pushing Hands 
Month by the Lake, A 
Affair to Remember, An 
Some Folks Call It a Sling Blade 
Kiss Me, Guido 
Beautician and the Beast, The 
Anna Karenina 
Keys to Tulsa 
Cats Don't Dance 
Shadow Conspiracy 
Last Time I Committed Suicide, The 
Hercules 
Mother Night 
Head Above Water 
Blood & Wine 
Dangerous Ground 
Trigger Effect, The 
Substitute, The 
Eye for an Eye 
Rich Man's Wife, The 
Fear 
Maximum Risk 
Turbulence 
Solo 
Heaven's Prisoners 
Underworld 
Lightning Jack 
Cabin Boy 
Stupids, The 
Clean Slate 
Big Green, The 
Pest, The 
Stuart Saves His Family 
Until the End of the World (Bis ans Ende der Welt) 
Double vie de Véronique, La (Double Life of Veronique, The) 
Geronimo: An American Legend 
Waiting for Guffman 
Shiloh 
2 Days in the Valley 
Con Air 
Basquiat 
I Shot Andy Warhol 
Anaconda 
Romy and Michele's High School Reunion 
Stealing Beauty 
Private Parts 
Trees Lounge 
Tie Me Up! Tie Me Down! 
Die xue shuang xiong (Killer, The) 
Fast, Cheap & Out of Control 
Gaslight 
8 1/2 
Fathers' Day 
Mrs. Dalloway 
Fire Down Below 
Lay of the Land, The 
Shooter, The 
Cool Runnings 
Homeward Bound II: Lost in San Francisco 
Grumpier Old Men 
Little Big League 
Quest, The 
Drop Dead Fred 
Lassie 
Grease 2 
Beverly Hillbillies, The 
Jury Duty 
Switchback 
Hamlet 
House Arrest 
She's the One 
Associate, The 
Two if by Sea 
Multiplicity 
Ghost and Mrs. Muir, The 
Rent-a-Kid 
Malice 
Fearless 
Forget Paris 
Paper, The 
Just Cause 
Cronos 
Now and Then 
Simple Twist of Fate, A 
Mr. Wrong 
Pallbearer, The 
Dracula: Dead and Loving It 
War, The 
Adventures of Pinocchio, The 
Don't Be a Menace to South Central While Drinking Your Juice in the Hood 
Evening Star, The 
Four Days in September 
Little Princess, A 
Crossfire 
Koyaanisqatsi 
Star Maker, The (Uomo delle stelle, L') 
Female Perversions 
Shallow Grave 
Man of No Importance, A 
Celestial Clockwork 
Oliver & Company 
Balto 
Pagemaster, The 
Love and a .45 
Albino Alligator 
Living in Oblivion 
Bottle Rocket 
Amateur 
Party Girl 
Joe's Apartment 
Reality Bites 
Pyromaniac's Love Story, A 
Curdled 
Anne Frank Remembered 
Carried Away 
It's My Party 
Bloodsport 2 
Double Team 
Speed 2: Cruise Control 
Sliver 
Pete's Dragon 
Dear God 
Live Nude Girls 
Commandments 
Thin Line Between Love and Hate, A 
High School High 
Flirting With Disaster 
What Happened Was... 
Trust 
C'est arrivé près de chez vous 
Hate (Haine, La) 
Firestorm 
Six Degrees of Separation 
Newton Boys, The 
Two Much 
Red Firecracker, Green Firecracker 
Twelfth Night 
Surviving Picasso 
Faithful 
I'm Not Rappaport 
Double Happiness 
Feast of July 
Death and the Maiden 
Mrs. Parker and the Vicious Circle 
Up in Smoke 
Some Kind of Wonderful 
Cobb 
Beyond Rangoon 
Tank Girl 
Mark of Zorro, The 
Umbrellas of Cherbourg, The (Parapluies de Cherbourg, Les) 
Innocents, The 
They Made Me a Criminal 
Farewell to Arms, A 
Old Man and the Sea, The 
Last Time I Saw Paris, The 
Truman Show, The 
Chungking Express 
Heidi Fleiss: Hollywood Madam (
Get on the Bus 
Feeling Minnesota 
Safe 
Ghosts of Mississippi 
Doors, The 
Escape to Witch Mountain 
Jupiter's Wife 
Beautiful Thing 
Best Men 
War Room, The 
Hackers 
Road to Wellville, The 
When We Were Kings 
Hard Eight 
Quiet Room, The 
Calendar Girl 
Blue Chips 
My Family 
Tom & Viv 
Walkabout 
In Love and War 
Last Dance 
Original Gangstas 
Fille seule, La (A Single Girl) 
Alphaville 
Cyclo 
Stalker 
Backbeat 
Rendezvous in Paris (Rendez-vous de Paris, Les) 
Relic, The 
Love! Valour! Compassion! 
Palookaville 
Zeus and Roxanne 
Portrait of a Lady, The 
Phat Beach 
Big Bully 
Wild Reeds 
Women, The 
Caught 
Fresh 
Love & Human Remains 
Spanking the Monkey 
Sum of Us, The 
Little Buddha 
Bliss 
Hugo Pool 
Welcome To Sarajevo 
Switchblade Sisters 
Low Down Dirty Shame, A 
Cowboy Way, The 
Endless Summer 2, The 
Young Guns II 
That Old Feeling 
In the Army Now 
Inkwell, The 
Cops and Robbersons 
Man of the House 
I Love Trouble 
Major Payne 
Dunston Checks In 
Prefontaine 
Letter From Death Row, A 
Savage Nights (Nuits fauves, Les) 
Secret Agent, The 
Marlene Dietrich: Shadow and Light (
Once Were Warriors 
Purple Noon 
Amos & Andrew 
Kim 
Family Thing, A 
Boys of St. Vincent, The 
Strawberry and Chocolate (Fresa y chocolate) 
Before the Rain (Pred dozhdot) 
To Be or Not to Be 
Maybe, Maybe Not (Bewegte Mann, Der) 
Top Hat 
Cemetery Man (Dellamorte Dellamore) 
Mixed Nuts 
Kiss of Death 
Guilty as Sin 
Jade 
Virtuosity 
In the Realm of the Senses (Ai no corrida) 
Blue Sky 
Flesh and Bone 
Kissed 
Barb Wire 
When a Man Loves a Woman 
King of the Hill 
Goofy Movie, A 
Friday 
Higher Learning 
Scout, The 
Assassins 
Angus 
Judgment Night 
Night Falls on Manhattan 
Poison Ivy II 
Awfully Big Adventure, An 
Under Siege 2: Dark Territory 
Marked for Death 
Ready to Wear (Pret-A-Porter) 
Madonna: Truth or Dare 
Full Speed 
Chairman of the Board 
Nénette et Boni 
Big Bang Theory, The 
Other Voices, Other Rooms 
Twisted 
Ghost in the Shell (Kokaku kidotai) 
Cutthroat Island 
Van, The 
Old Lady Who Walked in the Sea, The (Vieille qui marchait dans la mer, La) 
Night Flier 
Gridlock'd 
Metro 
Bad Girls 
Best of the Best 3: No Turning Back 
Blink 
For Love or Money 
Bushwhacked 
A Chef in Love 
Contempt (Mépris, Le) 
Designated Mourner, The 
Trial and Error 
Gone Fishin' 
Broken English 
Tie That Binds, The 
Pie in the Sky 
Run of the Country, The 
Total Eclipse 
Nothing to Lose 
Foxfire 
Walking and Talking 
Star Maps 
Bread and Chocolate (Pane e cioccolata) 
Bitter Moon 
Clockers 
Love in the Afternoon 
Talking About Sex 
Life with Mikey 
North 
Set It Off 
Selena 
Wild America 
Sunset Park 
Killer (Bulletproof Heart) 
Gang Related 
Robocop 3 
Color of Night 
Manny & Lo 
Out to Sea 
Grass Harp, The 
Before and After 
Princess Caraboo 
Simple Wish, A 
Jack and Sarah 
Country Life 
Denise Calls Up 
Celtic Pride 
Ed 
Ayn Rand: A Sense of Life 
Star Kid 
Indian Summer 
Kicked in the Head 
Band Wagon, The 
Love Affair 
Penny Serenade 
Stripes 
'Til There Was You 
Late Bloomers 
Getaway, The 
Carmen Miranda: Bananas Is My Business 
New York Cop 
Babyfever 
Very Natural Thing, A 
Walk in the Sun, A 
Delta of Venus 
National Lampoon's Senior Trip 
Pompatus of Love, The 
Waiting to Exhale 
Palmetto 
Inventing the Abbotts 
Surviving the Game 
Horse Whisperer, The 
Stag 
Locusts, The 
Swept from the Sea 
Hurricane Streets 
Roseanna's Grave (For Roseanna) 
Ballad of Narayama, The (Narayama Bushiko) 
Squeeze 
Innocent Sleep, The 
Good Morning 
An Unforgettable Summer 
Last Klezmer: Leopold Kozlowski, His Life and Music, The 
Dingo 
Second Jungle Book: Mowgli & Baloo, The 
Metisse (Café au Lait) 
Faust 
Journey of August King, The 
Stefano Quantestorie 
Hollow Reed 
Tetsuo II: Body Hammer 
Fall 
Sexual Life of the Belgians, The 
Mondo 
Wooden Man's Bride, The (Wu Kui) 
Crows and Sparrows 
Midnight Dancers (Sibak) 
The Deadly Cure 
Neon Bible, The 
Convent, The (Convento, O) 
Lover's Knot 
Gabbeh 
Love and Other Catastrophes 
For Ever Mozart 
Day the Sun Turned Cold, The (Tianguo niezi) 
Bonheur, Le 
Rhyme & Reason 
Hedd Wyn 
Lotto Land 
Forbidden Christ, The (Cristo proibito, Il) 
Every Other Weekend 
American Strays 
Mina Tannenbaum 
1-900 
Boys in Venice 
Open Season 
JLG/JLG - autoportrait de décembre 
Somebody to Love 
Of Love and Shadows 
Machine, The 
For the Moment 
Two Deaths 
Story of Xinghua, The 
Crude Oasis, The 
Low Life, The 
Shadow of Angels (Schatten der Engel) 
My Life and Times With Antonin Artaud (En compagnie d'Antonin Artaud) 
Mille bolle blu 
Homage 
Stranger, The 
Leopard Son, The 
Catwalk 
Losing Chase 
Falling in Love Again 
Loaded 
Bird of Prey 
Venice/Venice 
Hotel de Love 
I Can't Sleep (J'ai pas sommeil) 
Cement Garden, The 
August 
Infinity 
Johnny 100 Pesos 
Larger Than Life 
Search for One-eye Jimmy, The 
Meet Wally Sparks 
Ed's Next Move 
Kazaam 
American Buffalo 
Captives 
Boys 
Of Human Bondage 
Anna 
Stonewall 
Stranger in the House 
Picture Bride 
Caro Diario (Dear Diary) 
Ciao, Professore! 
M. Butterfly 
Withnail and I 
Boy's Life 2 
When Night Is Falling 
Specialist, The 
Land Before Time III: The Time of the Great Giving (199
Swan Princess, The 
Harlem 
Barbarella 
Gordy 
Coldblooded 
Next Karate Kid, The 
Turning, The 
Street Fighter 
No Escape 
Joy Luck Club, The 
Gilligan's Island: The Movie 
Highlander III: The Sorcerer 
I'll Do Anything 
I Like It Like That 
Drunks 
Grace of My Heart 
SubUrbia 
Suture 
Walking Dead, The 
My Crazy Life (Mi vida loca) 
Ill Gotten Gains 
Legal Deceit 
Sliding Doors 
Men of Means 
Mighty, The 
Shooting Fish 
Steal Big, Steal Little 
Mr. Jones 
House Party 3 
Jason's Lyric 
Above the Rim 
Panther 
Scarlet Letter, The 
Moonlight and Valentino 
8 Seconds 
Here Comes Cookie 
Foreign Correspondent 
Love Is All There Is 
Outlaw, The 
Boys, Les 
Pather Panchali 
Thieves (Voleurs, Les) 
Beat the Devil 
My Favorite Season 
Golden Earrings 
Madame Butterfly 
Lady of Burlesque 
Angel on My Shoulder 
Sleepover 
Bye Bye, Love 
Century 
Damsel in Distress, A 
Angel and the Badman 
Ladybird Ladybird 
Stars Fell on Henrietta, The 
Margaret's Museum 
Last Summer in the Hamptons 
Saint of Fort Washington, The 
Cure, The 
Tom and Huck 
Gumby: The Movie 
Hideaway 
Visitors, The (Visiteurs, Les) 
Little Princess, The 
Bhaji on the Beach 
Nina Takes a Lover 
Nightwatch 
Raw Deal 
Dead Presidents 
Reckless 
Herbie Rides Again 
Gate of Heavenly Peace, The 
S.F.W. 
Man in the Iron Mask, The 
Carpool 
Santa with Muscles 
Jerky Boys, The 
Fausto 
Even Cowgirls Get the Blues 
Girl in the Cadillac 
Germinal 
Colonel Chabert, Le 
Window to Paris 
Modern Affair, A 
Prisoner of the Mountains (Kavkazsky Plennik) 
Mostro, Il 
Flirt 
Grosse Fatigue 
Tough and Deadly 
Line King: Al Hirschfeld, The 
Farmer & Chase 
Chasers 
Gold Diggers: The Secret of Bear Mountain 
Bewegte Mann, Der 
Naked in New York 
Killer: A Journal of Murder 
Three Lives and Only One Death 
Nelly & Monsieur Arnaud 
Mad Dog Time 
Babysitter, The 
Getting Even with Dad 
Children of the Revolution 
Sprung 
World of Apu, The (Apur Sansar) 
Dream With the Fishes 
Wings of Courage 
Wedding Gift, The 
Losing Isaiah 
Race the Sun 
Fear, The 
New Jersey Drive 
Mr. Wonderful 
Trial by Jury 
Good Man in Africa, A 
Kaspar Hauser 
Object of My Affection, The 
Witness 
Senseless 
Nowhere 
Underground 
Jefferson in Paris 
Far From Home: The Adventures of Yellow Dog 
I Don't Want to Talk About It (De eso no se habla) 
Foreign Student 
Twin Town 
Aiqing wansui 
Enfer, L' 
Cosi 
All Over Me 
Being Human 
Amazing Panda Adventure, The 
Johns 
Beans of Egypt, Maine, The 
Frankie Starlight 
Man from Down Under, The 
Show, The 
To Cross the Rubicon 
Safe Passage 
American Dream 
Tigrero: A Film That Was Never Made 
Terror in a Texas Town 
Pharaoh's Army 
Hostile Intentions 
Hunted, The 
Glass Shield, The 
Careful 
Yankee Zulu 
Vermont Is For Lovers 
Destiny Turns on the Radio 
The Courtyard 
Woman in Question, The 
Underneath, The 
T-Men 
Dream Man 
Secret Adventures of Tom Thumb, The 
It Takes Two 
I, Worst of All (Yo, la peor de todas) 
Symphonie pastorale, La 
Baton Rouge 
Shadows (Cienie) 
Daens 
Touki Bouki (Journey of the Hyena) 
Lashou shentan 
Hungarian Fairy Tale, A 
Spirits of the Dead (Tre passi nel delirio) 
Vie est belle, La (Life is Rosey) 
Eye of Vichy, The (Oeil de Vichy, L') 
Aparajito 
Death in the Garden (Mort en ce jardin, La) 
Collectionneuse, La 
Liebelei 
Invitation, The (Zaproszenie) 
Quartier Mozart 
Promise, The (Versprechen, Das) 
Clean Slate (Coup de Torchon) 
Wend Kuuni (God's Gift) 
Condition Red 
Schizopolis 
Salut cousin! 
To Have, or Not 
Magic Hour, The 
Duoluo tianshi 
Death in Brunswick 
Everest 
Romper Stomper 
Nemesis 2: Nebula 
Shopping 
City of Industry 
Someone Else's America 
Guantanamera 
Office Killer 
Price Above Rubies, A 
Angela 
He Walked by Night 
Love Serenade 
Buddy 
Intimate Relations 
Truth or Consequences, N.M. 
B*A*P*S 
Leading Man, The 
Tokyo Fist 
Reluctant Debutante, The 
Warriors of Virtue 
Desert Winds 
King of New York 
All Things Fair 
Sixth Man, The 
Butterfly Kiss 
Paris, France 
Cérémonie, La 
Hush 
Nobody Loves Me (Keiner liebt mich) 
Wife, The 
Nico Icon 
Dadetown 
Silence of the Palace, The (Saimt el Qusur) 
Two Friends (
Brothers in Trouble 
Normal Life 
Angel Baby 
Bitter Sugar (Azucar Amargo) 
Etz Hadomim Tafus (Under the Domin Tree) 
Sudden Manhattan 
Eighth Day, The 
Some Mother's Son 
Slingshot, The 
Land and Freedom (Tierra y libertad) 
Lamerica 
Girls Town 
Á köldum klaka (Cold Fever) 
Hana-bi 
Niagara, Niagara 
Spanish Prisoner, The 
Men With Guns 
Big One, The 
Butcher Boy, The 
Temptress Moon (Feng Yue) 
Entertaining Angels: The Dorothy Day Story 
Favor, The 
Little City 
Target 
Small Faces 
Getting Away With Murder 
New Age, The 
Rough Magic 
Tainted 
8 Heads in a Duffel Bag 
Nothing Personal 
Wedding Bell Blues 
Next Step, The 
MURDER and murder 
Ripe 
Brother's Kiss, A 
Further Gesture, A 
Kika 
Mirage 
Mamma Roma 
War at Home, The 
Sunchaser, The 
Sweet Nothing 
B. Monkey 
Mat' i syn 
You So Crazy 
Scream of Stone (Schrei aus Stein) 
